Name,Driving License Number,License Issue Date,License Expiry Date,Date of Birth,Address,Gender,Mobile Number,Email
James Ortiz,RK28 87939245671,20/09/2021,10/02/2043,10/07/1975,"562 Thomas Walk, Jasonmouth, OR 77041",Other,8849375470,hughestanya@example.net
Laura Harvey,899263490411245,14/02/2034,08/08/2021,05/04/1964,"0949 Coleman View Apt. 713, Port Brandonhaven, FM 41790",Female,246484,boothnathaniel@example.com
Phillip Walker,ZC96 43900467906,31/12/2019,09/08/2041,07/07/1988,"Unit 9408 Box 8221, DPO AA 05058",Male,204635893,rosalesparker@example.net
Lauren Ayala,TE77 17960555946,05/06/2021,07/04/2040,05/09/1996,"82371 Michael Bridge, Martinstad, NV 54726",Male,712509462,carolynhicks@example.org
Dillon Stone,JF71 77596138263,28/09/2017,10/07/2040,31/05/1950,"41730 Tina Inlet Suite 629, Lake Gregory, CT 88978",Male,9808122835,emily68@example.net
Emma Sullivan,IQ76 13423583165,01/10/2019,29/05/2036,07/01/2006,"1284 Rojas Garden, Lake Nathaniel, AK 01070",Other,1096322980,ruizsusan@example.net
Craig Holmes,EG49 30362875871,08/01/2020,24/06/2037,14/03/1966,"Unit 0258 Box 9240, DPO AE 19828",Female,8810907708,janiceperez@example.org
Dominique Glass,XO35 25731409304,02/03/2018,24/02/2042,12/06/1993,"Unit 7253 Box 9759, DPO AA 46080",Male,736377742,flowerschristine@example.com
Jordan Jordan,SM71 18940273446,18/03/2022,23/09/2034,20/09/1947,"5505 Williams Stravenue Suite 094, Taylorfort, VI 63234",Male,8054079565,terri09@example.com
Linda Cohen,LS82 48511870549,16/04/2021,21/12/2041,10/01/1983,"740 Mark Streets Apt. 821, Lake Barbara, VT 94714",Female,7165292452,hughesjason@example.org
Vanessa Romero,JY69 44163828554,07/12/2019,11/11/2035,16/11/1961,"60890 Johnson Course Suite 019, Williamschester, HI 69811",Male,9350372733,robert63@example.org
Robert Dixon,QU73 23568053957,22/04/2016,26/06/2044,30/12/1996,"640 Johnson Mission, North Eileen, CO 67622",Female,8629379072,kristin21@example.net
Amber Anderson,EW02 50927842210,01/02/2023,15/01/2042,04/09/1992,"4792 Charles Drives Apt. 142, North Morganfurt, VI 25937",Female,2884967174,acalhoun@example.net
Matthew Mullins,AZ42 22068835471,02/08/2023,30/05/2043,19/05/1996,"258 Chapman Burg Apt. 745, South Annashire, LA 94304",Male,6581881979,jonathan99@example.com
Michael Downs,PG14 06248720500,06/03/2023,04/11/2040,16/08/1965,"09269 Jessica Ports Apt. 666, East Lindsayview, MI 00719",Male,7439314798,christinaaustin@example.net
Keith Martinez,BP53 14429280227,18/07/2023,20/04/2035,29/07/1961,"6387 James Stravenue, Kimberlyhaven, ME 82215",Other,4068716464,roberthenderson@example.com
Jason Terry,TZ43 71480183282,20/05/2023,27/05/2042,13/08/1980,"3827 Pruitt Locks, Meadowsmouth, NE 85352",Female,2629236906,bmorrison@example.org
Michael Peterson,VF18 56202095397,10/09/2014,13/04/2040,22/06/1978,"017 Conway Course, Lake Rebeccastad, SC 95271",Other,8632913557,travisharrison@example.com
Leah Anderson,NO54 99429519961,24/06/2022,28/12/2036,20/06/1950,"Unit 4311 Box 0504, DPO AA 13824",Male,5730412026,teresaarmstrong@example.net
Kimberly Potter,LJ28 21423262409,12/09/2017,24/09/2036,20/10/1971,"0170 Nicholas Stream Apt. 517, Sherryburgh, WI 70059",Female,5620055853,daviseric@example.net
Rachel Wolfe,BF33 13417259019,20/03/2018,02/10/2035,16/09/1944,"132 Daniel Pines Suite 138, East Andrea, WI 33559",Female,1427127545,coledanielle@example.net
Frank Hernandez,PG52 84996865225,25/06/2016,02/07/2043,21/06/1977,"20333 Fox Overpass, Port Jeffrey, AZ 43228",Male,7776263576,qbrown@example.org
Erika Velazquez,GX60 30623337875,10/03/2023,04/02/2043,01/05/1975,"Unit 5012 Box 9561, DPO AA 51958",Female,5850004928,udaniels@example.org
Kayla Scott,TB69 54968526336,18/07/2022,14/09/2036,30/01/1974,"USS Pittman, FPO AA 49071",Male,6822358893,deanna42@example.com
Jennifer Irwin,C0YQ9,06/11/2026,23/12/2016,03/04/1973,"0000 Sarah Gardens Apt. 119, New Angela, NY 54214",Unknown,qmFMGtBeJg,brandonlane@example.com
Steven Castaneda,SK28 54475200825,02/03/2016,01/01/2036,01/09/1975,"23767 Kent Heights Apt. 514, Cowanport, NV 54868",Female,9322435104,mmurray@example.net
Devin Escobar,KI60 37283762472,29/12/2015,02/09/2043,21/06/1974,"7026 Foster Crest, Lake Michael, PR 61479",Female,4464045491,julie36@example.net
Carlos Castillo,UR84 29923133117,05/01/2018,21/08/2039,04/06/1999,"689 Morales Courts Suite 909, Donaldhaven, NY 71935",Other,5887089922,fleblanc@example.org
Wendy Small,MP87 33257439596,05/09/2018,03/02/2040,03/06/1989,"2592 Chase Ferry Suite 450, Port Loriton, CO 39882",Female,3860665899,susanbest@example.net
Brittany Cox,ZV25 52782117805,04/09/2016,09/01/2040,09/08/1998,"3562 Thomas Fork Suite 108, Amystad, KS 17865",Other,6483845755,jordankara@example.org
Elizabeth Robinson,EA50 12039495602,19/11/2022,18/12/2038,25/11/1972,"41092 Reed Rapids, West Jose, WA 53350",Other,8535156383,dburton@example.org
Kimberly Craig,DL04 58476499788,22/05/2020,22/08/2038,26/08/1969,"25543 Mckee Knoll, Annamouth, MH 64734",Other,8013699989,debbieadams@example.net
Cynthia Rosales,UF57 48433762980,25/10/2018,21/11/2042,02/07/1972,"Unit 7343 Box 4355, DPO AP 52068",Other,45342895,patriciamartin@example.com
Erin George,XC49 77538440472,01/11/2018,12/11/2034,22/12/1997,"27004 Barton Unions Apt. 712, Lake Brian, AS 23464",Female,9215306682,johnstontimothy@example.net
Sarah Williams,PV39 78574807193,07/12/2023,25/01/2040,03/03/1966,"79872 Austin Manor Suite 441, Nathanburgh, PW 28208",Male,6135758731,mcrawford@example.com
Daniel Anderson,QH74 95147604960,21/05/2024,02/11/2039,18/12/1943,"318 Long Burgs Suite 032, Emilyfort, NM 60979",Female,417932178,matthew99@example.net
Colin Jackson,YG34 23355338328,09/03/2018,18/08/2041,29/09/1982,"21888 Julie Loop, Dominicmouth, IA 28761",Female,2790710121,sharon83@example.com
Caroline Odonnell,BV0E866N,07/07/2026,01/05/2018,13/01/1950,"USCGC Wright, FPO AA 53630",Other,818538119161641,nataliemcdonald@example.com
Shannon Anderson,QX89 01103701831,06/03/2024,15/12/2040,10/12/1984,"PSC 6647, Box 6387, APO AP 07894",Female,2416980688,awalter@example.net
Edward Wolf,EE63 47720253293,29/03/2019,28/02/2037,12/11/1959,"68894 Angela Street Apt. 693, South Marissaport, SC 79784",Male,7138151756,kathleenjones@example.org
Cathy Stafford,IT39 46747656908,25/04/2015,14/11/2040,20/08/1967,"119 James Union, Lake Carol, MS 94757",Female,9128798466,rosechris@example.com
David Anderson,IJ64 73490288851,17/08/2024,28/03/2038,12/01/1964,"57171 Mark Lodge, South Danielville, HI 56412",Other,8990196163,moralesbrian@example.net
Mario Kennedy,PC78 43256459131,03/08/2021,08/11/2042,23/05/1985,"338 Garcia Wall Suite 176, South Steven, CT 16891",Male,2588019622,idodson@example.com
David Cantu,QS27 50561705371,05/12/2022,02/01/2043,18/02/1951,"7864 Eddie Garden, Mirandaport, NY 42094",Female,2673011781,rogersjames@example.net
Robert Wilson,MJ04 45618253123,27/03/2019,20/06/2037,07/10/1951,"696 Lisa Radial Apt. 947, Nielsenbury, MI 25538",Male,7256362328,misty31@example.org
Justin Allen,ZC07 90042481513,23/01/2018,28/03/2035,18/10/1956,"97978 Jordan Corners Suite 927, Horneside, ND 56913",Male,2427189490,patrickperkins@example.com
Matthew Matthews,OG07 16592813673,25/09/2022,22/11/2040,29/01/1948,"0682 Joann Shore, South Tiffanyshire, TN 12644",Male,5111881235,brian11@example.com
Kevin Simpson,QX46 86702666461,17/01/2018,27/01/2039,19/05/1999,"7116 Tiffany Knoll, Fosterhaven, WI 78910",Female,9633781073,bradleyamber@example.org
Dorothy Kirk,SP90 58194875791,16/05/2015,28/10/2043,16/11/1944,"PSC 4865, Box 9098, APO AE 95388",Female,3590054199,kristie20@example.com
Autumn White,VH91 20526906620,03/11/2018,25/03/2040,16/09/1986,"233 Turner Trace Suite 393, Williamston, AR 51353",Other,8344599417,scott17@example.org
Nathan Berg,HJ52 74708367123,31/01/2023,27/01/2043,17/12/1989,"PSC 4970, Box 8872, APO AP 77747",Female,4712461429,ycabrera@example.org
Logan Nelson,QK14 37821745108,31/12/2022,06/08/2039,08/06/1959,"6106 John Fort Suite 601, Fordfort, WI 88832",Male,7247862708,abraun@example.com
Linda Johnson,MX19 03356497934,03/05/2020,15/05/2044,18/05/1956,"433 Jeffrey Extensions, Port Derekfurt, VA 54136",Female,9025661787,mallorychapman@example.net
Bryan Bolton,ZF96 06408191289,24/03/2021,30/09/2035,16/02/2006,"43321 Ramos Mountain, Johntown, AR 54632",Female,7617502782,jamesmontgomery@example.net
Nicole Reed,VL25 05364133498,06/10/2020,23/01/2040,08/01/1997,"5287 Perez Lakes Suite 921, Rogerstown, OR 95752",Other,9492408086,lramirez@example.com
Christopher Ramirez,BW28 41236265744,27/12/2016,17/12/2040,22/02/1993,"22375 Lewis Island, Millerborough, AL 77848",Male,6967746924,angelaholloway@example.com
Natasha Elliott,ZZ06 79395427346,16/07/2016,16/08/2042,09/06/1947,"6577 Roman Causeway Suite 557, New Nathaniel, FL 59129",Female,2861621329,curtisjacob@example.org
Joseph Hernandez,NFIOWMH6L3UWP6CJ3JNXPLA67,21/11/2030,10/04/2022,12/12/1999,"24723 Paula Circle Suite 054, Onealborough, NJ 24574",Male,812,pcampbell@example.org
Michael Williams,MJ66 35720463726,07/09/2019,10/03/2041,10/03/1996,"03078 Williams Mountains, Lake Brandonside, NC 73389",Female,9236466832,jeanne23@example.org
Jimmy Luna,808261287660242,28/07/2031,03/12/2023,27/11/1949,"5899 Beck Key Apt. 222, South Courtneystad, TN 79421",Unknown,aej1S72xKL,taylorvance@example.org
Christina Peterson,JZ91 96589334132,24/01/2018,19/01/2044,23/06/1972,"2047 Jamie Heights Suite 385, North Kimberlyburgh, KY 10657",Male,6773798745,brownjoshua@example.net
Autumn Taylor,WA93 15831675881,02/12/2019,28/08/2042,16/03/1967,"34971 Patterson Common, New Jonathantown, CO 73318",Female,5932293576,ronaldcooper@example.com
Danielle Jensen,TJ93 84352490994,10/07/2020,25/10/2039,03/06/1980,"102 Richardson Mission, Ryantown, MI 65675",Male,3647951631,karnold@example.com
Amanda Conway,LK73 16023152014,24/12/2014,08/07/2038,17/12/1990,"23971 Flores Streets Apt. 460, Meganberg, PA 22787",Male,5130362969,fowlerpaul@example.com
Erika Jackson,CY46 71828759682,31/03/2017,19/03/2043,28/09/1981,"449 Kari Mount Apt. 324, New Shaneland, IA 78507",Female,612932462,jesse81@example.net
Gary Strong,ZL26 96411937456,02/01/2022,18/04/2041,27/01/2001,"537 Swanson Place Apt. 058, Rebeccahaven, DC 80215",Male,1210924588,allison32@example.org
Martin Watkins,VX16 99964238243,11/08/2015,22/01/2043,07/09/1957,"959 Linda Harbor, South Donald, NJ 09972",Female,8343948370,elizabeth29@example.org
William Ray,TG03 40404703414,12/06/2022,09/02/2044,13/06/1975,"578 Lewis Ports, North Juanport, VA 06454",Other,5907602877,bryantyolanda@example.net
James Guerrero,154M2IALFITR5HDBWG96HJ,06/05/2034,02/05/2017,23/03/1959,"41036 Kiara Plain, Jonesmouth, NC 03749",Male,zXoXPTddgJ,travisharmon@example.org
Paula Hayes,MZ95 00786768342,20/01/2017,26/12/2040,26/05/1974,"76274 Mann Pike, Harrisborough, MT 85731",Male,9944965765,clinesteven@example.net
Christina Grant,EH75 54422430989,03/05/2017,15/02/2040,14/12/1986,"0797 Sara Road, South Pamela, MN 75104",Female,3409286539,dgalloway@example.com
Ann Brown,EK94 58012207710,29/08/2015,13/03/2043,26/07/1947,"980 Wheeler Shores, Lake Douglasbury, AL 77195",Male,9306112318,brittanysullivan@example.org
Nicole Williams,NL63 48395805117,10/08/2019,15/06/2037,27/03/1979,"47824 Elizabeth Ranch, Lake Brenda, ND 98503",Other,1575417733,carlanelson@example.org
Nicholas Adkins,BR91 03591422744,29/05/2019,09/04/2036,26/04/1982,"38756 Lindsay Viaduct, New Carolberg, IA 37862",Other,6049696113,feliciazhang@example.com
Timothy Jimenez,DN94 61697868963,22/09/2015,06/11/2041,26/12/1988,"159 Walker Canyon Suite 961, South Garyville, AL 04590",Male,5499809402,haley14@example.net
Brittney Mann,AG80 56717608350,05/05/2023,20/06/2036,05/11/1963,"1590 Joseph Well Suite 625, East Robertburgh, DE 55905",Male,4450147605,lewissarah@example.net
Leslie Martinez,017563713615021,24/08/2030,12/06/2016,27/11/1977,"62304 Ana Mission Suite 366, Mitchellburgh, MO 40457",Unknown,86390044240242,adam96@example.org
Paula Fitzpatrick,KU61 49052088146,21/08/2023,13/06/2042,04/02/1973,"554 Ramirez Bypass, North David, AS 25991",Male,3626475339,anthony28@example.com
Daniel Graves,KZ64 52337117839,13/04/2021,18/10/2039,14/07/1950,"84750 Lauren Inlet, Kirktown, FM 18079",Other,6996001192,tony19@example.com
Matthew Daugherty,JDAH16O5VVXCCKR0TMC2NS,24/04/2031,17/05/2016,05/01/1967,"023 Espinoza Spur Apt. 834, South Patrickside, NH 25639",Unknown,0BMSrJXsPB,michael11@example.com
Michael Allen,XV05 91296158211,06/06/2017,19/07/2044,23/06/1972,"056 Wilson Grove, North Kevinmouth, MD 78176",Male,441113513,whitekevin@example.org
Tamara Allen,1EE,20/11/2025,18/01/2016,04/11/1945,"279 Mason Haven Apt. 467, New Clayton, NV 83312",Female,157278,bcampbell@example.org
Amy Conley,PB11 34031312783,20/08/2022,20/03/2037,28/04/1977,"9288 Kenneth Causeway, North Kelli, FL 65341",Other,290963397,webersabrina@example.com
Carla Richards,OI69 12074702235,24/02/2016,12/12/2035,03/06/1966,"304 Gray Field, North Joshua, ID 18684",Female,3519273827,megan56@example.org
Melissa Ware,HU89 02704128914,20/12/2020,01/03/2043,02/09/1965,"3935 Wagner Row, Petersenland, WY 69043",Other,9768162246,ebradshaw@example.org
Wesley Holt,JX12 88212952152,21/08/2016,17/08/2037,16/05/1985,"5973 Julia Roads Suite 092, Lake Taylorland, CT 64860",Female,9176412203,carrie75@example.net
Brenda Barker,HU58 36756900326,09/11/2022,10/08/2043,21/10/1958,"741 Brianna Fields, South Lindsey, KY 67278",Other,2763180850,emaxwell@example.org
Scott Hunt,IZ92 42643050967,02/04/2019,16/07/2043,24/05/1971,"758 Mason Ports Suite 178, South Samanthastad, MH 52539",Other,8471375321,hubbardchristina@example.org
Nicole Kent PhD,JK41 90042709279,11/01/2023,05/05/2039,22/03/1955,"530 Ashlee Valleys Suite 428, Lake Andrew, KY 42784",Male,8269473082,khill@example.org
Matthew Cobb,JW42 48281148066,02/06/2019,26/03/2043,07/09/1992,"12684 Brandi Lights, West Travis, NE 72537",Male,2777548875,debra90@example.org
Frank Mitchell,GZ00 46233698115,22/10/2016,25/04/2044,17/07/2002,"590 Mcmahon Village, Port Tracyland, VT 47856",Male,3487981454,elogan@example.net
Tina Olson,NO65 79017670693,13/01/2016,02/08/2040,25/03/2006,"32911 Heather Lodge, New Danielville, ME 18927",Other,8382837869,robertsmith@example.com
Jesse Sweeney,QY79 11797278567,26/11/2020,19/07/2038,03/08/1963,"8648 Murphy Summit, Ashleyville, NJ 51663",Male,6041280332,mckinneydavid@example.org
Lisa Scott,OT96 08040129564,31/08/2019,29/04/2036,16/04/1955,"08766 Amy Forge, Robertport, DE 11522",Female,6653015033,danielschultz@example.com
Danielle Evans,LD81 46348132119,16/10/2016,30/05/2041,03/12/1960,"2523 Powers Forge, Lake Connie, VA 90585",Other,2907612578,emendez@example.com
Bethany Cunningham,LK31 61100054045,08/12/2018,29/08/2039,06/03/1986,"403 Atkins Groves Suite 017, Port William, IN 11446",Other,2441131290,umcdowell@example.org
Michael Clark,S49SB1TV2L37JYOX689R9GAFW8C,07/06/2028,07/07/2017,03/10/1938,"3046 Escobar Stravenue Suite 974, North Melissa, MI 72958",Other,261793,rileydavid@example.org
Joshua Payne,CO24 92850154649,28/04/2021,15/04/2040,04/06/1997,"346 Martinez Pike, Collinsfurt, VA 22822",Other,5661633757,evanparker@example.org
Todd Kelly,TG86 47984631346,14/11/2021,25/09/2038,18/01/1991,"PSC 6035, Box 8048, APO AE 83384",Female,5148496461,john90@example.org
Stephanie Watson,XZ96 88156219602,30/05/2020,25/11/2038,17/02/1995,"908 Munoz Street, Port Russellville, VT 02836",Other,2648348854,jenniferbrooks@example.org
Jamie Figueroa,YM37 89484042439,29/05/2015,08/05/2042,29/08/1987,"914 Whitney River, Lake Tonyahaven, SD 77060",Other,5025358230,morrowtracy@example.com
Cindy Gutierrez,FZ05 17551332358,17/12/2019,13/08/2040,05/05/1963,"671 Jennifer Circles Apt. 380, Brandonhaven, PA 62196",Female,9033400432,gmartinez@example.net
Cynthia Decker,HR94 14292004506,08/08/2015,26/09/2043,24/02/1997,"1377 Gonzalez Throughway Apt. 414, Kurtburgh, DE 67862",Female,3344988296,darrellmelton@example.com
James Roberts,VH35 62346750707,28/09/2021,23/04/2035,19/12/2001,"7819 Betty Roads Suite 633, Mannbury, ME 22686",Other,8750373104,nwilliams@example.org
Jeffrey Thompson,NJ52 80742871163,04/05/2020,24/05/2035,05/11/1947,"USNS Lowery, FPO AA 69354",Female,2914986152,crystalmendoza@example.org
Lauren Howard,SH94 78687555016,13/07/2019,17/03/2044,29/01/1948,"85067 Austin Port Apt. 843, Millsview, SD 48604",Male,830131193,dpoole@example.org
Scott Hahn,HI62 39441294014,27/07/2021,12/10/2036,08/10/1986,"24172 Thomas Crescent, Garrettview, LA 79404",Other,7714060197,ygomez@example.com
Walter Rios,LT74 67676768456,16/08/2021,03/04/2043,09/03/1978,"50575 Theodore Motorway, East Brendafurt, WY 86804",Other,6448589423,lambertshawn@example.net
Bryce Thomas,VF06 65432859004,25/07/2022,04/07/2043,27/10/1956,"8548 Kimberly Coves Apt. 359, Michaelshire, ME 94742",Male,6791572961,mcgeelisa@example.org
Charles Carlson,IJ87 91067472042,07/12/2022,18/09/2042,04/07/1966,"2872 Tommy Forge, East Joshualand, RI 90724",Male,8997721951,drew10@example.com
